{
    "selects": {
        "str_plain": [
            1.605510711669922e-05,
            0.009874856472015381,
            0.01941343069076538,
            0.030311524868011475,
            0.03873211860656738,
            0.04911593437194824,
            0.05785318613052368,
            0.0686778974533081,
            0.0781753945350647,
            0.09636844396591186
        ],
        "str_ndx": [
            1.0139942169189453e-05,
            5.288600921630859e-05,
            5.637168884277344e-05,
            6.14452362060547e-05,
            5.955219268798828e-05,
            5.947113037109375e-05,
            6.012439727783203e-05,
            6.554126739501953e-05,
            5.808591842651367e-05,
            6.120920181274414e-05
        ],
        "int_plain": [
            1.5380382537841798e-05,
            0.004208183288574219,
            0.009281365871429444,
            0.01413177490234375,
            0.01891052007675171,
            0.02332988500595093,
            0.02787865400314331,
            0.03324606657028198,
            0.03761897087097168,
            0.04161261081695557
        ],
        "int_ndx": [
            1.2035369873046874e-05,
            5.6951045989990235e-05,
            5.6202411651611326e-05,
            5.857706069946289e-05,
            5.822181701660156e-05,
            5.3501129150390626e-05,
            6.0167312622070316e-05,
            5.4080486297607425e-05,
            5.270004272460937e-05,
            5.483150482177734e-05
        ],
        "point_plain": null,
        "point_ndx": null,
        "poly_plain": null,
        "poly_ndx": null
    },
    "joins": {
        "str_plain": [
            5.1355361938476564e-05,
            0.46877541542053225,
            1.1824711084365844,
            1.9906617641448974,
            2.9065208196640016,
            3.7651800870895387,
            4.7209659814834595,
            6.7245738983154295,
            7.407317376136779,
            9.263205075263977
        ],
        "str_ndx": [
            1.4567375183105469e-05,
            0.005231595039367676,
            0.009644484519958496,
            0.012956023216247559,
            0.014802932739257812,
            0.01830871105194092,
            0.021938729286193847,
            0.02606785297393799,
            0.0286914587020874,
            0.03476800918579102
        ],
        "int_plain": [
            3.2114982604980466e-05,
            0.02918541431427002,
            0.06362934112548828,
            0.10290453433990479,
            0.14749183654785156,
            0.17809243202209474,
            0.19902920722961426,
            0.23674626350402833,
            0.2698777914047241,
            0.3204157829284668
        ],
        "int_ndx": [
            1.4472007751464844e-05,
            0.0007930278778076171,
            0.0022560834884643556,
            0.0027064085006713867,
            0.004996681213378906,
            0.0034478425979614256,
            0.004089713096618652,
            0.003314352035522461,
            0.004418516159057617,
            0.00395195484161377
        ],
        "point_plain": null,
        "point_ndx": null,
        "poly_plain": null,
        "poly_ndx": null,
        "point_poly_plain": null,
        "point_poly_ndx": null
    },
    "ids": {
        "integer": [
            2.3941993713378907e-05,
            1.2562274932861328e-05,
            1.7640590667724608e-05,
            1.5027523040771485e-05,
            1.670360565185547e-05,
            1.2102127075195312e-05,
            1.3980865478515625e-05,
            1.2309551239013672e-05,
            1.4564990997314454e-05,
            1.8618106842041016e-05
        ],
        "uuid": null,
        "binary": null,
        "char": [
            1.2354850769042969e-05,
            1.3475418090820313e-05,
            1.3158321380615234e-05,
            1.249074935913086e-05,
            2.587556838989258e-05,
            3.902435302734375e-05,
            1.3527870178222657e-05,
            1.2218952178955078e-05,
            1.3399124145507813e-05,
            1.584768295288086e-05
        ]
    }
}